# Smart meter sample history - 24 h at 5 min resolution, generated for
#   ./build/app --source file --replay samples/sample_history.csv
# The 17:45 sample is a deliberate 95 Wh overload so the anomaly detector
# has something to report.
# timestamp,pulse_count,energy_consumed
timestamp,pulse_count,energy_consumed
2026-10-01T00:00:00Z,2,2
2026-10-01T00:05:00Z,3,1
2026-10-01T00:10:00Z,4,1
2026-10-01T00:15:00Z,6,2
2026-10-01T00:20:00Z,7,1
2026-10-01T00:25:00Z,9,2
2026-10-01T00:30:00Z,11,2
2026-10-01T00:35:00Z,13,2
2026-10-01T00:40:00Z,14,1
2026-10-01T00:45:00Z,16,2
2026-10-01T00:50:00Z,17,1
2026-10-01T00:55:00Z,19,2
2026-10-01T01:00:00Z,21,2
2026-10-01T01:05:00Z,23,2
2026-10-01T01:10:00Z,25,2
2026-10-01T01:15:00Z,27,2
2026-10-01T01:20:00Z,29,2
2026-10-01T01:25:00Z,30,1
2026-10-01T01:30:00Z,32,2
2026-10-01T01:35:00Z,34,2
2026-10-01T01:40:00Z,36,2
2026-10-01T01:45:00Z,37,1
2026-10-01T01:50:00Z,38,1
2026-10-01T01:55:00Z,40,2
2026-10-01T02:00:00Z,42,2
2026-10-01T02:05:00Z,44,2
2026-10-01T02:10:00Z,45,1
2026-10-01T02:15:00Z,47,2
2026-10-01T02:20:00Z,48,1
2026-10-01T02:25:00Z,50,2
2026-10-01T02:30:00Z,52,2
2026-10-01T02:35:00Z,54,2
2026-10-01T02:40:00Z,55,1
2026-10-01T02:45:00Z,56,1
2026-10-01T02:50:00Z,58,2
2026-10-01T02:55:00Z,60,2
2026-10-01T03:00:00Z,62,2
2026-10-01T03:05:00Z,63,1
2026-10-01T03:10:00Z,65,2
2026-10-01T03:15:00Z,67,2
2026-10-01T03:20:00Z,69,2
2026-10-01T03:25:00Z,71,2
2026-10-01T03:30:00Z,72,1
2026-10-01T03:35:00Z,73,1
2026-10-01T03:40:00Z,74,1
2026-10-01T03:45:00Z,76,2
2026-10-01T03:50:00Z,78,2
2026-10-01T03:55:00Z,79,1
2026-10-01T04:00:00Z,80,1
2026-10-01T04:05:00Z,82,2
2026-10-01T04:10:00Z,84,2
2026-10-01T04:15:00Z,86,2
2026-10-01T04:20:00Z,87,1
2026-10-01T04:25:00Z,88,1
2026-10-01T04:30:00Z,90,2
2026-10-01T04:35:00Z,92,2
2026-10-01T04:40:00Z,93,1
2026-10-01T04:45:00Z,95,2
2026-10-01T04:50:00Z,97,2
2026-10-01T04:55:00Z,99,2
2026-10-01T05:00:00Z,103,4
2026-10-01T05:05:00Z,106,3
2026-10-01T05:10:00Z,110,4
2026-10-01T05:15:00Z,114,4
2026-10-01T05:20:00Z,118,4
2026-10-01T05:25:00Z,123,5
2026-10-01T05:30:00Z,127,4
2026-10-01T05:35:00Z,132,5
2026-10-01T05:40:00Z,135,3
2026-10-01T05:45:00Z,140,5
2026-10-01T05:50:00Z,144,4
2026-10-01T05:55:00Z,149,5
2026-10-01T06:00:00Z,154,5
2026-10-01T06:05:00Z,157,3
2026-10-01T06:10:00Z,162,5
2026-10-01T06:15:00Z,165,3
2026-10-01T06:20:00Z,168,3
2026-10-01T06:25:00Z,172,4
2026-10-01T06:30:00Z,177,5
2026-10-01T06:35:00Z,180,3
2026-10-01T06:40:00Z,186,6
2026-10-01T06:45:00Z,192,6
2026-10-01T06:50:00Z,197,5
2026-10-01T06:55:00Z,201,4
2026-10-01T07:00:00Z,212,11
2026-10-01T07:05:00Z,220,8
2026-10-01T07:10:00Z,230,10
2026-10-01T07:15:00Z,238,8
2026-10-01T07:20:00Z,248,10
2026-10-01T07:25:00Z,260,12
2026-10-01T07:30:00Z,271,11
2026-10-01T07:35:00Z,281,10
2026-10-01T07:40:00Z,290,9
2026-10-01T07:45:00Z,303,13
2026-10-01T07:50:00Z,314,11
2026-10-01T07:55:00Z,326,12
2026-10-01T08:00:00Z,334,8
2026-10-01T08:05:00Z,346,12
2026-10-01T08:10:00Z,359,13
2026-10-01T08:15:00Z,368,9
2026-10-01T08:20:00Z,379,11
2026-10-01T08:25:00Z,388,9
2026-10-01T08:30:00Z,396,8
2026-10-01T08:35:00Z,406,10
2026-10-01T08:40:00Z,415,9
2026-10-01T08:45:00Z,427,12
2026-10-01T08:50:00Z,435,8
2026-10-01T08:55:00Z,443,8
2026-10-01T09:00:00Z,448,5
2026-10-01T09:05:00Z,454,6
2026-10-01T09:10:00Z,460,6
2026-10-01T09:15:00Z,467,7
2026-10-01T09:20:00Z,474,7
2026-10-01T09:25:00Z,480,6
2026-10-01T09:30:00Z,486,6
2026-10-01T09:35:00Z,491,5
2026-10-01T09:40:00Z,497,6
2026-10-01T09:45:00Z,504,7
2026-10-01T09:50:00Z,510,6
2026-10-01T09:55:00Z,514,4
2026-10-01T10:00:00Z,519,5
2026-10-01T10:05:00Z,526,7
2026-10-01T10:10:00Z,530,4
2026-10-01T10:15:00Z,535,5
2026-10-01T10:20:00Z,540,5
2026-10-01T10:25:00Z,544,4
2026-10-01T10:30:00Z,549,5
2026-10-01T10:35:00Z,555,6
2026-10-01T10:40:00Z,561,6
2026-10-01T10:45:00Z,566,5
2026-10-01T10:50:00Z,573,7
2026-10-01T10:55:00Z,578,5
2026-10-01T11:00:00Z,583,5
2026-10-01T11:05:00Z,588,5
2026-10-01T11:10:00Z,593,5
2026-10-01T11:15:00Z,600,7
2026-10-01T11:20:00Z,607,7
2026-10-01T11:25:00Z,611,4
2026-10-01T11:30:00Z,615,4
2026-10-01T11:35:00Z,622,7
2026-10-01T11:40:00Z,629,7
2026-10-01T11:45:00Z,634,5
2026-10-01T11:50:00Z,641,7
2026-10-01T11:55:00Z,648,7
2026-10-01T12:00:00Z,653,5
2026-10-01T12:05:00Z,659,6
2026-10-01T12:10:00Z,665,6
2026-10-01T12:15:00Z,671,6
2026-10-01T12:20:00Z,676,5
2026-10-01T12:25:00Z,681,5
2026-10-01T12:30:00Z,686,5
2026-10-01T12:35:00Z,690,4
2026-10-01T12:40:00Z,695,5
2026-10-01T12:45:00Z,702,7
2026-10-01T12:50:00Z,709,7
2026-10-01T12:55:00Z,716,7
2026-10-01T13:00:00Z,721,5
2026-10-01T13:05:00Z,728,7
2026-10-01T13:10:00Z,733,5
2026-10-01T13:15:00Z,738,5
2026-10-01T13:20:00Z,744,6
2026-10-01T13:25:00Z,750,6
2026-10-01T13:30:00Z,756,6
2026-10-01T13:35:00Z,761,5
2026-10-01T13:40:00Z,767,6
2026-10-01T13:45:00Z,772,5
2026-10-01T13:50:00Z,779,7
2026-10-01T13:55:00Z,785,6
2026-10-01T14:00:00Z,790,5
2026-10-01T14:05:00Z,797,7
2026-10-01T14:10:00Z,803,6
2026-10-01T14:15:00Z,809,6
2026-10-01T14:20:00Z,816,7
2026-10-01T14:25:00Z,823,7
2026-10-01T14:30:00Z,828,5
2026-10-01T14:35:00Z,833,5
2026-10-01T14:40:00Z,837,4
2026-10-01T14:45:00Z,842,5
2026-10-01T14:50:00Z,849,7
2026-10-01T14:55:00Z,855,6
2026-10-01T15:00:00Z,860,5
2026-10-01T15:05:00Z,866,6
2026-10-01T15:10:00Z,871,5
2026-10-01T15:15:00Z,876,5
2026-10-01T15:20:00Z,883,7
2026-10-01T15:25:00Z,890,7
2026-10-01T15:30:00Z,897,7
2026-10-01T15:35:00Z,902,5
2026-10-01T15:40:00Z,907,5
2026-10-01T15:45:00Z,913,6
2026-10-01T15:50:00Z,919,6
2026-10-01T15:55:00Z,926,7
2026-10-01T16:00:00Z,933,7
2026-10-01T16:05:00Z,939,6
2026-10-01T16:10:00Z,944,5
2026-10-01T16:15:00Z,949,5
2026-10-01T16:20:00Z,955,6
2026-10-01T16:25:00Z,962,7
2026-10-01T16:30:00Z,967,5
2026-10-01T16:35:00Z,974,7
2026-10-01T16:40:00Z,980,6
2026-10-01T16:45:00Z,985,5
2026-10-01T16:50:00Z,990,5
2026-10-01T16:55:00Z,995,5
2026-10-01T17:00:00Z,1011,16
2026-10-01T17:05:00Z,1026,15
2026-10-01T17:10:00Z,1037,11
2026-10-01T17:15:00Z,1050,13
2026-10-01T17:20:00Z,1066,16
2026-10-01T17:25:00Z,1083,17
2026-10-01T17:30:00Z,1099,16
2026-10-01T17:35:00Z,1116,17
2026-10-01T17:40:00Z,1133,17
2026-10-01T17:45:00Z,1228,95
2026-10-01T17:50:00Z,1245,17
2026-10-01T17:55:00Z,1262,17
2026-10-01T18:00:00Z,1273,11
2026-10-01T18:05:00Z,1287,14
2026-10-01T18:10:00Z,1299,12
2026-10-01T18:15:00Z,1314,15
2026-10-01T18:20:00Z,1328,14
2026-10-01T18:25:00Z,1343,15
2026-10-01T18:30:00Z,1354,11
2026-10-01T18:35:00Z,1370,16
2026-10-01T18:40:00Z,1383,13
2026-10-01T18:45:00Z,1397,14
2026-10-01T18:50:00Z,1412,15
2026-10-01T18:55:00Z,1424,12
2026-10-01T19:00:00Z,1438,14
2026-10-01T19:05:00Z,1454,16
2026-10-01T19:10:00Z,1468,14
2026-10-01T19:15:00Z,1480,12
2026-10-01T19:20:00Z,1497,17
2026-10-01T19:25:00Z,1508,11
2026-10-01T19:30:00Z,1519,11
2026-10-01T19:35:00Z,1531,12
2026-10-01T19:40:00Z,1543,12
2026-10-01T19:45:00Z,1554,11
2026-10-01T19:50:00Z,1566,12
2026-10-01T19:55:00Z,1578,12
2026-10-01T20:00:00Z,1595,17
2026-10-01T20:05:00Z,1609,14
2026-10-01T20:10:00Z,1622,13
2026-10-01T20:15:00Z,1635,13
2026-10-01T20:20:00Z,1651,16
2026-10-01T20:25:00Z,1666,15
2026-10-01T20:30:00Z,1683,17
2026-10-01T20:35:00Z,1696,13
2026-10-01T20:40:00Z,1712,16
2026-10-01T20:45:00Z,1724,12
2026-10-01T20:50:00Z,1736,12
2026-10-01T20:55:00Z,1753,17
2026-10-01T21:00:00Z,1761,8
2026-10-01T21:05:00Z,1770,9
2026-10-01T21:10:00Z,1778,8
2026-10-01T21:15:00Z,1788,10
2026-10-01T21:20:00Z,1794,6
2026-10-01T21:25:00Z,1802,8
2026-10-01T21:30:00Z,1812,10
2026-10-01T21:35:00Z,1819,7
2026-10-01T21:40:00Z,1829,10
2026-10-01T21:45:00Z,1839,10
2026-10-01T21:50:00Z,1849,10
2026-10-01T21:55:00Z,1855,6
2026-10-01T22:00:00Z,1862,7
2026-10-01T22:05:00Z,1870,8
2026-10-01T22:10:00Z,1876,6
2026-10-01T22:15:00Z,1886,10
2026-10-01T22:20:00Z,1894,8
2026-10-01T22:25:00Z,1903,9
2026-10-01T22:30:00Z,1912,9
2026-10-01T22:35:00Z,1922,10
2026-10-01T22:40:00Z,1929,7
2026-10-01T22:45:00Z,1939,10
2026-10-01T22:50:00Z,1948,9
2026-10-01T22:55:00Z,1954,6
2026-10-01T23:00:00Z,1961,7
2026-10-01T23:05:00Z,1970,9
2026-10-01T23:10:00Z,1976,6
2026-10-01T23:15:00Z,1985,9
2026-10-01T23:20:00Z,1993,8
2026-10-01T23:25:00Z,2000,7
2026-10-01T23:30:00Z,2007,7
2026-10-01T23:35:00Z,2014,7
2026-10-01T23:40:00Z,2022,8
2026-10-01T23:45:00Z,2031,9
2026-10-01T23:50:00Z,2039,8
2026-10-01T23:55:00Z,2046,7
